# Partition table for the self-built ESP32-WROOM board (4 MB flash), see DIY_ESP32.md.
# Same layout as wican_partitions_table.csv, but the app slots use the whole 4 MB
# for headroom. (First assumption was that the Xtensa build is larger than the C3
# build; measured in CI 2026-09-30 it is smaller: 1633264 vs 1737840 bytes, and
# would also fit the 1740K slots.)
# Name,   Type, SubType,  Offset,   Size,  Flags
nvs,      data, nvs,      0x9000,   0x4000,
otadata,  data, ota,      0xd000,   0x2000,
phy_init, data, phy,      0xf000,   0x1000,
ota_0,    app,  ota_0,    0x10000,  1856K,
ota_1,    app,  ota_1,    ,         1856K,
storage,  data, spiffs,   ,         320K,
